2, chr1_11124673_T_SNV_A
2, chr1_17044738_C_SNV_G
2, chr1_46250001_C_SNV_G
2, chr1_97373680_A_SNV_C
2, chr1_97721658_G_SNV_C
2, chr1_119916113_GT_DEL_G
2, chr1_119966277_C_SNV_G
2, chr1_156864522_G_SNV_C
2, chr1_156879248_G_SNV_A
2, chr1_162755806_GC_DEL_G
2, chr1_162765896_C_SNV_G
2, chr1_162770281_C_SNV_G
2, chr1_204544484_C_SNV_G
2, chr1_226370499_G_SNV_A
2, chr1_226379129_C_SNV_G
2, chr2_15946142_AT_DEL_A
2, chr2_29209814_C_SNV_G
2, chr2_29318514_G_SNV_A
2, chr2_47801207_C_SNV_T
2, chr2_58162997_A_SNV_C
2, chr2_95183446_T_SNV_G
2, chr2_96253738_C_SNV_G
2, chr2_96265331_G_SNV_A
2, chr2_177232077_T_SNV_C
2, chr2_189873508_C_SNV_G
2, chr2_211424065_C_SNV_T
2, chr2_211665521_T_SNV_A
2, chr3_10047869_A_SNV_T
2, chr3_12585266_C_SNV_A
2, chr3_12607179_CT_DEL_C
2, chr3_47116803_A_SNV_C
2, chr3_52402975_T_SNV_A
2, chr3_52404444_TG_DEL_T
2, chr3_100719953_CT_DEL_C
2, chr3_138694867_C_INS_CG
2, chr3_142461880_A_SNV_G
2, chr3_142485113_C_SNV_T
2, chr3_142499775_G_SNV_C
2, chr3_142547673_C_SNV_G
2, chr4_1807040_G_SNV_A
2, chr4_54278574_A_SNV_C
2, chr4_55092757_G_SNV_C
2, chr4_55097773_TCAA_DEL_T
2, chr4_152330862_T_SNV_A
2, chr5_223652_T_SNV_A
2, chr5_225274_G_SNV_A
2, chr5_233681_G_SNV_A
2, chr5_235314_G_SNV_A
2, chr5_38953411_C_SNV_G
2, chr5_38954919_A_SNV_C
2, chr5_132579319_A_SNV_G
2, chr5_138887658_G_SNV_C
2, chr5_138925233_C_SNV_G
2, chr5_150412601_C_SNV_T
2, chr5_177093278_CCCCG_DEL_C
2, chr6_32198383_C_INS_CT
2, chr6_32215151_A_SNV_C
2, chr6_32217930_A_SNV_T
2, chr6_41690651_C_SNV_G
2, chr6_117359700_C_SNV_T
2, chr6_151735275_C_SNV_G
2, chr6_151744141_TC_DEL_T
2, chr6_151755209_CA_DEL_C
2, chr6_151755241_CA_DEL_C
2, chr6_151880739_G_SNV_A
2, chr6_151945180_G_SNV_C
2, chr6_151953711_TA_DEL_T
2, chr6_151958995_CGT_DEL_C
2, chr6_152094597_G_SNV_C
2, chr6_152094631_G_SNV_T
2, chr6_156829283_TA_DEL_T
2, chr6_156901471_AC_DEL_A
2, chr6_158769863_G_SNV_A
2, chr7_55161605_C_SNV_T
2, chr7_55201279_C_SNV_T
2, chr7_116697075_C_SNV_A
2, chr7_129205821_G_SNV_C
2, chr7_129206246_G_SNV_A
2, chr7_140791102_AAAAAC_DEL_A
2, chr8_32682048_GT_DEL_G
2, chr8_32716819_TGC_DEL_T
2, chr8_32759293_T_SNV_G
2, chr8_89984586_C_SNV_T
2, chr8_127740765_C_SNV_T
2, chr8_144511360_C_SNV_T
2, chr8_144513302_TG_DEL_T
2, chr8_144513533_G_SNV_T
2, chr8_144515900_GC_DEL_G
2, chr8_144517328_A_SNV_C
2, chr8_144517741_TC_DEL_T
2, chr9_5467780_C_SNV_G
2, chr9_35078094_A_SNV_T
2, chr9_77728524_TG_DEL_T
2, chr9_84760676_CATTG_DEL_C
2, chr9_84763830_A_INS_AT
2, chr9_84763830_AT_DEL_A
2, chr9_84780564_TG_DEL_T
2, chr9_84819450_A_SNV_G
2, chr9_84823608_C_SNV_T
2, chr9_84867109_AT_DEL_A
2, chr9_95171954_A_SNV_T
2, chr9_95171964_T_SNV_G
2, chr9_95456297_C_SNV_G
2, chr9_95458237_G_SNV_A
2, chr9_132896183_C_SNV_G
2, chr9_132923379_G_SNV_A
2, chr9_136523025_G_SNV_A
2, chr9_136544046_C_SNV_T
2, chr10_43113253_C_SNV_T
2, chr10_43115084_C_SNV_T
2, chr10_43120262_G_SNV_C
2, chr10_121500814_C_SNV_G
2, chr11_101127364_T_SNV_G
2, chr11_108294975_A_SNV_T
2, chr11_112088830_C_SNV_T
2, chr11_125627777_T_SNV_A
2, chr12_11885779_C_SNV_T
2, chr12_56085107_C_SNV_T
2, chr12_56086482_A_SNV_T
2, chr12_112502355_C_SNV_A
2, chr13_28004233_G_SNV_A
2, chr13_28048207_C_SNV_G
2, chr13_32354836_CTT_DEL_C
2, chr13_32371081_G_SNV_C
2, chr13_48464990_T_SNV_G
2, chr14_45164607_G_SNV_A
2, chr14_65093696_C_SNV_T
2, chr14_68477604_AT_DEL_A
2, chr14_75039882_T_SNV_G
2, chr14_75041548_C_SNV_A
2, chr14_95103885_C_SNV_G
2, chr14_95105580_C_SNV_T
2, chr15_87929489_G_SNV_C
2, chr15_87942417_G_SNV_C
2, chr15_87942441_TG_DEL_T
2, chr15_87962061_A_SNV_T
2, chr15_87974967_G_SNV_A
2, chr15_88010197_TC_DEL_T
2, chr15_88016201_AC_DEL_A
2, chr15_88032753_C_SNV_T
2, chr15_88093065_GT_DEL_G
2, chr15_88113619_CT_DEL_C
2, chr15_88116438_T_INS_TA
2, chr15_88116438_TA_DEL_T
2, chr15_90763078_G_SNV_A
2, chr15_90765264_C_SNV_G
2, chr15_90809112_T_SNV_G
2, chr16_2074363_C_SNV_T
2, chr16_2084469_C_SNV_T
2, chr16_3596266_G_SNV_A
2, chr16_13926504_G_SNV_T
2, chr16_13934408_G_SNV_A
2, chr16_23623169_G_SNV_C
2, chr17_17217033_C_SNV_T
2, chr17_31342897_C_SNV_T
2, chr17_35103353_G_SNV_C
2, chr17_39717189_TC_DEL_T
2, chr17_39724902_G_SNV_A
2, chr17_39726807_C_SNV_G
2, chr17_43082591_A_SNV_C
2, chr17_43082641_T_SNV_C
2, chr17_49622172_G_SNV_A
2, chr17_50191314_C_SNV_T
2, chr17_50196426_C_SNV_G
2, chr19_4102497_C_SNV_T
2, chr19_10996395_G_SNV_A
2, chr19_15177705_G_SNV_T
2, chr19_15178111_G_SNV_C
2, chr19_15180334_A_SNV_C
2, chr19_18162530_T_SNV_C
2, chr19_18162562_G_SNV_C
2, chr19_18167121_C_SNV_A
2, chr19_43551598_C_SNV_T
2, chr19_50402165_C_SNV_T
2, chr19_52221078_C_SNV_T
2, chr20_45335817_G_SNV_C
2, chr21_38383769_G_SNV_A
2, chr21_41468396_C_SNV_G
2, chr22_21788669_C_SNV_G
2, chr22_21867241_A_SNV_C
2, chr22_23803231_C_SNV_G
2, chr22_23833500_G_SNV_T
2, chr22_23833532_C_SNV_G
2, chr22_29294978_GGT_DEL_G
2, chr22_39244033_T_SNV_G
2, chrX_47564743_C_SNV_G
2, chrX_67545796_C_SNV_G
2, chrX_67716080_GA_DEL_G
2, chrX_67728576_T_SNV_C
2, chrX_133699838_A_SNV_T
2, chr1_11114250_C_SNV_G
2, chr1_11116903_T_SNV_G
2, chr1_11130441_C_SNV_T
2, chr1_17022525_C_SNV_G
2, chr1_26729636_C_SNV_G
2, chr1_26775006_G_SNV_A
2, chr1_26775225_G_SNV_C
2, chr1_32327540_C_SNV_T
2, chr1_44830827_G_SNV_T
2, chr1_46250128_G_SNV_C
2, chr1_97515853_G_SNV_A
2, chr1_97720754_C_SNV_G
2, chr1_119940536_TG_DEL_T
2, chr1_155904297_T_SNV_G
2, chr1_156861034_G_SNV_A
2, chr1_156866794_C_SNV_T
2, chr1_156876619_C_SNV_A
2, chr1_162753301_G_SNV_A
2, chr1_182581388_T_SNV_C
2, chr1_226382995_C_SNV_A
2, chr2_29239778_G_SNV_A
2, chr2_47412582_A_SNV_C
2, chr2_96255023_C_SNV_T
2, chr2_127261178_A_SNV_G
2, chr2_127293551_G_SNV_A
2, chr2_197399991_GA_DEL_G
2, chr2_211424312_G_SNV_C
2, chr2_214780529_C_SNV_T
2, chr3_10062247_CT_DEL_C
2, chr3_12605316_C_SNV_G
2, chr3_37004411_G_SNV_A
2, chr3_37025610_T_SNV_A
2, chr3_37029017_G_SNV_A
2, chr3_37319070_C_SNV_T
2, chr3_52407322_GA_DEL_G
2, chr3_52668474_T_SNV_G
2, chr3_69941367_G_SNV_C
2, chr3_138737679_C_SNV_G
2, chr3_142453038_C_SNV_T
2, chr3_179201470_G_SNV_A
2, chr4_25665423_C_SNV_G
2, chr4_41746101_CCCG_DEL_C
2, chr4_54727178_C_SNV_G
2, chr4_54727753_C_SNV_G
2, chr4_54729259_C_SNV_G
2, chr4_54732989_TA_DEL_T
2, chr4_54733103_C_SNV_G
2, chr4_55125333_G_SNV_C
2, chr5_38972021_A_SNV_C
2, chr5_38996974_T_SNV_C
2, chr5_39003647_G_SNV_A
2, chr5_68273568_G_SNV_C
2, chr5_68294737_A_SNV_C
2, chr5_68296205_C_SNV_T
2, chr5_80767920_T_SNV_G
2, chr5_112707497_C_SNV_T
2, chr5_112801166_C_SNV_T
2, chr5_132591858_AT_DEL_A
2, chr5_132609260_T_SNV_G
2, chr5_132618324_GC_DEL_G
2, chr5_150403267_TG_DEL_T
2, chr5_150407262_C_SNV_T
2, chr5_171407599_C_SNV_G
2, chr5_177093693_C_SNV_T
2, chr6_32213785_G_SNV_A
2, chr6_117425626_G_SNV_C
2, chr6_151746654_GT_DEL_G
2, chr6_151763507_CT_DEL_C
2, chr6_151786419_G_SNV_A
2, chr6_151788853_C_SNV_A
2, chr6_151960228_GT_DEL_G
2, chr6_151977970_A_SNV_C
2, chr6_152009570_TG_DEL_T
2, chr6_156777818_CGCG_DEL_C
2, chr6_157184212_C_SNV_G
2, chr6_157189629_C_SNV_G
2, chr7_6005879_C_SNV_G
2, chr7_55155986_G_SNV_A
2, chr7_55156461_C_SNV_A
2, chr7_55157620_C_SNV_G
2, chr7_116679664_G_SNV_T
2, chr7_116681911_A_SNV_C
2, chr7_123692318_TA_DEL_T
2, chr7_129208687_C_SNV_G
2, chr7_148847399_A_SNV_C
2, chr8_6406649_C_SNV_T
2, chr8_6445324_TC_DEL_T
2, chr8_6477762_G_SNV_A
2, chr8_32640624_A_SNV_G
2, chr8_32641343_TC_DEL_T
2, chr8_32646903_G_SNV_T
2, chr8_32647998_G_SNV_A
2, chr8_32649202_G_SNV_A
2, chr8_32666494_GA_DEL_G
2, chr8_32676204_C_SNV_G
2, chr8_32676352_G_SNV_C
2, chr8_32709021_A_SNV_C
2, chr8_108082781_C_SNV_T
2, chr8_144512370_TGTGGG_DEL_T
2, chr9_5522706_G_SNV_C
2, chr9_5534727_A_SNV_G
2, chr9_21970830_C_SNV_T
2, chr9_22006045_G_SNV_A
2, chr9_35078354_TAC_DEL_T
2, chr9_84831347_C_SNV_G
2, chr9_85020169_G_SNV_T
2, chr9_85020180_C_SNV_G
2, chr9_136506708_G_SNV_A
2, chr9_136517289_TG_DEL_T
2, chr9_136517755_G_SNV_A
2, chr10_43115381_G_SNV_A
2, chr10_87893983_C_SNV_G
2, chr10_121526682_C_SNV_G
2, chr10_121565428_G_SNV_A
2, chr11_32435385_C_SNV_A
2, chr11_61430175_C_SNV_T
2, chr11_67489463_GC_DEL_G
2, chr11_101051352_T_SNV_G
2, chr11_101062775_A_SNV_C
2, chr11_108244968_A_SNV_C
2, chr11_112086821_T_SNV_G
2, chr11_125629499_A_SNV_C
2, chr11_128810720_G_SNV_A
2, chr12_4278822_C_SNV_G
2, chr12_11862268_G_SNV_C
2, chr12_11869327_C_SNV_G
2, chr12_56093925_G_SNV_T
2, chr12_56101041_C_SNV_G
2, chr12_57750961_C_SNV_T
2, chr12_112453420_G_SNV_C
2, chr12_132664473_AC_DEL_A
2, chr13_28034078_T_SNV_G
2, chr13_32330925_A_SNV_T
2, chr13_32338181_G_SNV_A
2, chr14_45153942_AG_DEL_A
2, chr14_67886999_T_SNV_G
2, chr14_95126575_C_SNV_G
2, chr15_44711608_TC_DEL_T
2, chr15_66436756_TG_DEL_T
2, chr15_87966798_C_SNV_T
2, chr15_87983923_G_SNV_A
2, chr15_87995759_C_SNV_A
2, chr15_88006877_GC_DEL_G
2, chr15_88012030_G_SNV_C
2, chr15_88032041_G_SNV_C
2, chr15_88032702_C_SNV_G
2, chr15_88036398_C_SNV_A
2, chr15_88042208_T_SNV_G
2, chr15_88056200_ATATT_DEL_A
2, chr15_88063315_GC_DEL_G
2, chr15_88183374_TA_DEL_T
2, chr15_89315389_G_SNV_C
2, chr15_90088606_C_SNV_G
2, chr16_2050463_G_SNV_A
2, chr16_2058764_C_SNV_T
2, chr16_2062686_C_SNV_T
2, chr16_2086436_TC_DEL_T
2, chr16_2086664_C_SNV_T
2, chr16_3584314_G_SNV_A
2, chr16_3589790_G_SNV_A
2, chr16_3591382_C_SNV_T
2, chr16_3601028_G_SNV_A
2, chr16_3602045_G_SNV_A
2, chr16_31189301_T_SNV_A
2, chr17_7673306_T_SNV_G
2, chr17_17226138_G_SNV_A
2, chr17_31155959_GT_DEL_G
2, chr17_31206225_T_SNV_G
2, chr17_31337349_T_SNV_G
2, chr17_31338619_T_SNV_G
2, chr17_31349251_G_SNV_C
2, chr17_39511728_G_SNV_C
2, chr17_39524934_G_SNV_C
2, chr17_39726528_TG_DEL_T
2, chr17_40645704_GA_DEL_G
2, chr17_43049067_C_SNV_G
2, chr17_43096731_T_SNV_G
2, chr17_48726727_C_SNV_T
2, chr17_50193911_TG_DEL_T
2, chr17_50199531_G_SNV_A
2, chr17_61801237_T_SNV_G
2, chr18_51058435_C_SNV_T
2, chr19_3121242_C_SNV_T
2, chr19_4094346_C_SNV_T
2, chr19_4099482_C_SNV_T
2, chr19_10987812_C_SNV_T
2, chr19_11019578_G_SNV_A
2, chr19_15174365_G_SNV_A
2, chr19_43543387_A_SNV_G
2, chr19_43561028_CAG_DEL_C
2, chr19_50399008_CAGG_DEL_C
2, chr19_50415557_C_SNV_T
2, chr20_45331750_GT_DEL_G
2, chr20_45335146_C_SNV_A
2, chr20_58903816_G_SNV_A
2, chr21_38391062_A_SNV_C
2, chr21_38445386_G_SNV_T
2, chr21_38575725_AC_DEL_A
2, chr21_41481990_G_SNV_C
2, chr21_41494687_A_SNV_T
2, chr22_29294695_C_SNV_A
2, chr22_29297906_G_SNV_A
2, chr22_39231804_C_SNV_T
2, chrX_20128232_T_SNV_G
2, chrX_45070224_G_SNV_C
2, chrX_47565368_G_SNV_A
2, chrX_49041613_AAC_DEL_A
2, chrX_67717287_G_SNV_C
2, chrX_77717076_TA_DEL_T
2, chrX_124051299_AT_DEL_A
2, chrX_124094149_G_SNV_C
2, chr1_26760785_TA_DEL_T
2, chr1_44841817_G_SNV_T
2, chr1_44841965_G_SNV_A
2, chr1_45330577_G_SNV_C
2, chr1_45332729_C_SNV_G
2, chr1_46278111_G_SNV_A
2, chr1_119935672_T_SNV_G
2, chr1_162759784_TG_DEL_T
2, chr1_226064228_C_SNV_G
2, chr1_226379537_G_SNV_A
2, chr2_15941881_C_SNV_T
2, chr2_47376946_G_SNV_T
2, chr2_96254827_G_SNV_A
2, chr2_96265222_AC_DEL_A
2, chr2_112096986_GT_DEL_G
2, chr2_211679189_G_SNV_A
2, chr3_10146416_C_SNV_T
2, chr3_37004539_AG_DEL_A
2, chr3_47062264_G_INS_GTC
2, chr3_52402358_C_SNV_T
2, chr3_142498524_C_SNV_G
2, chr3_142519887_T_SNV_A
2, chr3_179226162_G_SNV_C
2, chr4_54267241_C_SNV_G
2, chr4_55094758_C_SNV_G
2, chr4_55115364_C_SNV_T
2, chr4_55125132_C_SNV_G
2, chr5_38958844_A_SNV_C
2, chr5_56859719_TA_DEL_T
2, chr5_68273266_C_SNV_T
2, chr5_80813532_A_SNV_G
2, chr5_80873292_G_SNV_C
2, chr5_112703906_G_SNV_A
2, chr5_112707269_C_SNV_T
2, chr5_112838395_CT_DEL_C
2, chr6_32216912_C_SNV_G
2, chr6_35456028_G_SNV_C
2, chr6_35462764_C_SNV_G
2, chr6_117325257_T_SNV_G
2, chr6_117385597_TA_DEL_T
2, chr6_151742407_C_SNV_A
2, chr6_151752338_C_SNV_A
2, chr6_151773090_GC_DEL_G
2, chr6_151808023_G_SNV_A
2, chr6_151808391_G_SNV_A
2, chr6_151962590_AAAACC_DEL_A
2, chr6_151995379_TTCCA_DEL_T
2, chr6_157207506_G_SNV_A
2, chr7_55152515_C_SNV_T
2, chr7_55167129_TG_DEL_T
2, chr7_55191882_G_SNV_C
2, chr7_116694037_C_SNV_T
2, chr7_116774752_A_SNV_T
2, chr7_124847027_A_SNV_C
2, chr7_140734767_G_SNV_C
2, chr7_140797087_G_SNV_A
2, chr7_148810223_C_SNV_T
2, chr8_26291949_G_SNV_C
2, chr8_32606177_G_SNV_A
2, chr8_32610000_GA_DEL_G
2, chr8_32616013_C_SNV_G
2, chr8_32626741_C_SNV_T
2, chr8_32635540_AT_DEL_A
2, chr8_32725716_C_SNV_G
2, chr8_89943430_A_SNV_C
2, chr8_144514617_C_SNV_A
2, chr9_5534742_C_SNV_T
2, chr9_35079411_G_SNV_A
2, chr9_77794449_TA_DEL_T
2, chr9_77797442_T_SNV_G
2, chr9_84815316_GA_DEL_G
2, chr9_84836615_C_SNV_T
2, chr9_84838306_CA_DEL_C
2, chr9_84854071_CA_DEL_C
2, chr9_84948687_AG_DEL_A
2, chr9_95480046_T_SNV_C
2, chr9_136496598_G_SNV_A
2, chr9_136509039_C_SNV_T
2, chr9_136514445_C_SNV_G
2, chr9_136523870_C_SNV_G
2, chr10_43110543_G_SNV_A
2, chr10_86899932_C_SNV_G
2, chr10_121503966_G_SNV_C
2, chr11_534294_CCCA_DEL_C
2, chr11_76516164_G_SNV_A
2, chr11_108282835_T_SNV_A
2, chr11_128809092_A_SNV_G
2, chr12_11861279_CT_DEL_C
2, chr12_11866198_CT_DEL_C
2, chr12_11891072_G_SNV_A
2, chr12_56088492_C_SNV_T
2, chr12_56093920_G_SNV_C
2, chr12_56101949_C_SNV_T
2, chr12_132632534_G_SNV_T
2, chr12_132634232_CA_DEL_C
2, chr13_28033882_TG_DEL_T
2, chr13_32326428_TG_DEL_T
2, chr13_48347895_TA_DEL_T
2, chr13_48459675_C_SNV_G
2, chr14_65093740_G_SNV_A
2, chr14_95133315_C_SNV_G
2, chr14_104776620_C_SNV_G
2, chr15_87946023_T_SNV_G
2, chr15_87947541_TA_DEL_T
2, chr15_88004523_G_SNV_A
2, chr15_88017978_TG_DEL_T
2, chr15_88040692_C_SNV_T
2, chr15_88051212_AC_DEL_A
2, chr15_88084411_G_SNV_A
2, chr15_88135031_C_SNV_G
2, chr15_89260680_C_SNV_G
2, chr15_89261521_C_SNV_G
2, chr15_89313119_G_SNV_A
2, chr16_2040336_C_SNV_A
2, chr16_2056996_C_SNV_T
2, chr16_2076020_A_SNV_G
2, chr16_2082270_C_SNV_T
2, chr16_3584709_C_SNV_A
2, chr16_3602097_G_SNV_A
2, chr16_31187205_TC_DEL_T
2, chr17_7674229_C_SNV_T
2, chr17_31230997_AT_DEL_A
2, chr17_31232761_C_SNV_T
2, chr17_31249024_C_SNV_G
2, chr17_31357465_G_SNV_A
2, chr17_35118656_C_SNV_T
2, chr17_39462919_C_SNV_T
2, chr17_39709173_A_SNV_T
2, chr17_39716419_C_SNV_T
2, chr17_43065668_TCAAAAA_DEL_T
2, chr17_48727993_C_SNV_G
2, chr17_50189803_G_SNV_A
2, chr17_68528777_A_SNV_G
2, chr18_51060007_T_SNV_A
2, chr18_51078210_A_SNV_C
2, chr19_4095406_TG_DEL_T
2, chr19_10499369_G_SNV_A
2, chr19_11033576_T_SNV_G
2, chr19_18169315_G_SNV_T
2, chr19_43554630_C_SNV_G
2, chr21_41470631_C_SNV_T
2, chr21_41494512_C_SNV_T
2, chr21_41499053_CT_DEL_C
2, chr22_29286892_CT_DEL_C
2, chr22_29299726_C_SNV_T
2, chr22_29678309_G_SNV_C
2, chrX_14850676_TA_DEL_T
2, chrX_47568876_AG_DEL_A
2, chrX_47569476_C_SNV_G
2, chrX_47571357_TC_DEL_T
2, chrX_49037051_T_SNV_C
2, chrX_67686752_AT_DEL_A
2, chrX_67729978_CA_DEL_C
2, chrX_77522186_A_SNV_G
2, chr1_11130679_G_SNV_A
2, chr1_26732831_G_SNV_C
2, chr1_97883183_C_SNV_T
2, chr1_119920230_TG_DEL_T
2, chr1_119948636_T_SNV_G
2, chr1_161340763_GA_DEL_G
2, chr1_226370463_C_SNV_T
2, chr2_29207114_G_SNV_T
2, chr2_127272766_C_SNV_T
2, chr2_211421943_C_SNV_G
2, chr2_211431084_T_SNV_A
2, chr2_211619283_GA_DEL_G
2, chr2_214745708_T_SNV_G
2, chr2_232087726_G_SNV_C
2, chr2_232136659_C_SNV_T
2, chr2_232300024_TTC_DEL_T
2, chr3_37020260_C_SNV_G
2, chr3_52403888_CT_DEL_C
2, chr3_142559493_AT_DEL_A
2, chr3_142568236_T_SNV_A
2, chr4_1799514_C_SNV_T
2, chr4_41745993_CGCCGCCGCCGCTGCCGCG_DEL_C
2, chr4_54287329_C_SNV_T
2, chr4_55125175_C_SNV_G
2, chr4_152329626_A_SNV_G
2, chr4_152382134_G_SNV_T
2, chr5_235448_A_SNV_C
2, chr5_39074061_G_SNV_A
2, chr5_56816033_T_SNV_G
2, chr5_112843210_T_SNV_G
2, chr5_138932537_C_SNV_T
2, chr5_177096591_G_SNV_A
2, chr6_32197413_C_SNV_T
2, chr6_32214278_G_SNV_C
2, chr6_35459442_GC_DEL_G
2, chr6_35460715_G_SNV_C
2, chr6_41691326_G_SNV_A
2, chr6_43782190_G_SNV_A
2, chr6_117311123_A_SNV_C
2, chr6_117329648_G_SNV_A
2, chr6_117336394_C_SNV_G
2, chr6_151769326_A_SNV_T
2, chr6_151778307_G_SNV_C
2, chr6_151807601_C_SNV_A
2, chr6_151842641_C_SNV_T
2, chr6_151949460_TC_DEL_T
2, chr6_151979324_G_SNV_T
2, chr6_151991440_GA_DEL_G
2, chr6_152094364_ACT_DEL_A
2, chr6_157207091_G_SNV_T
2, chr7_55161418_C_SNV_G
2, chr7_55171111_C_SNV_G
2, chr7_55181505_G_SNV_C
2, chr7_55192971_C_SNV_A
2, chr7_116672671_A_INS_AG
2, chr7_129208921_C_SNV_T
2, chr7_129209432_G_SNV_C
2, chr7_148810811_G_SNV_A
2, chr8_31081367_C_SNV_A
2, chr8_31096942_A_SNV_C
2, chr8_31640283_AGGC_DEL_A
2, chr8_32608221_C_SNV_A
2, chr8_32716099_C_SNV_G
2, chr8_32754441_G_SNV_A
2, chr8_38417482_G_SNV_C
2, chr8_38424683_C_SNV_T
2, chr8_144513146_G_SNV_A
2, chr9_21971251_G_SNV_A
2, chr9_21994161_C_SNV_G
2, chr9_84787319_AAAAC_DEL_A
2, chr9_84828985_GT_DEL_G
2, chr9_84829241_C_SNV_T
2, chr9_84854980_A_SNV_T
2, chr9_95247344_C_SNV_G
2, chr9_132928680_C_SNV_G
2, chr10_43112713_TG_DEL_T
2, chr10_121498423_C_SNV_T
2, chr11_32430459_A_SNV_G
2, chr11_64807532_C_SNV_A
2, chr11_76544669_G_SNV_A
2, chr11_108282848_T_SNV_C
2, chr11_108287786_C_SNV_A
2, chr12_11752404_C_SNV_T
2, chr12_25215644_G_SNV_C
2, chr12_56094398_TC_DEL_T
2, chr12_57749173_C_SNV_G
2, chr12_68839938_G_SNV_A
2, chr12_112472756_C_SNV_G
2, chr13_32316809_A_SNV_C
2, chr13_48368462_T_SNV_G
2, chr13_48373323_C_SNV_G
2, chr14_95096688_C_SNV_T
2, chr14_95133257_A_SNV_G
2, chr14_104792539_C_SNV_G
2, chr15_87966558_C_SNV_G
2, chr15_87975383_C_SNV_A
2, chr15_88034050_G_SNV_A
2, chr15_88078658_AAAC_DEL_A
2, chr15_88117623_TG_DEL_T
2, chr15_90088772_TC_DEL_T
2, chr15_90761055_TTGA_DEL_T
2, chr16_30117809_G_SNV_C
2, chr16_68737444_CGCT_DEL_C
2, chr16_89738740_C_SNV_T
2, chr16_89740043_TA_DEL_T
2, chr17_31227148_C_SNV_G
2, chr17_31343157_T_SNV_C
2, chr17_39726744_C_SNV_T
2, chr17_43050560_C_SNV_T
2, chr17_43052819_ACACACT_DEL_A
2, chr17_43076650_G_SNV_A
2, chr17_43094613_A_SNV_G
2, chr17_43117810_TC_DEL_T
2, chr17_49622088_A_SNV_C
2, chr17_50191905_G_SNV_A
2, chr17_50197269_T_SNV_A
2, chr17_50199891_TC_DEL_T
2, chr17_58694871_A_SNV_G
2, chr17_61849249_AG_DEL_A
2, chr17_68523929_G_SNV_T
2, chr19_10991256_G_SNV_A
2, chr19_11039610_C_SNV_A
2, chr19_15162476_G_SNV_A
2, chr19_15191478_TG_DEL_T
2, chr19_18166105_C_SNV_T
2, chr19_29812814_C_INS_CA
2, chr19_29812838_G_SNV_A
2, chr19_43554659_TG_DEL_T
2, chr19_50417342_C_SNV_A
2, chr19_52211389_C_SNV_T
2, chr19_52220280_G_SNV_C
2, chr22_23801012_C_SNV_T
2, chr22_23816757_C_SNV_G
2, chr22_23825128_G_SNV_T
2, chr22_29290067_C_SNV_G
2, chrX_14857956_TAATA_DEL_T
2, chrX_47564765_C_SNV_G
2, chrX_47565100_TC_DEL_T
2, chrX_49039958_C_SNV_A
2, chrX_67546806_G_SNV_C
2, chrX_67711065_A_SNV_G
2, chrX_67718409_C_SNV_G
2, chrX_133692371_C_SNV_G
2, chr1_26773564_C_SNV_G
2, chr1_26774607_C_SNV_T
2, chr1_26774993_C_SNV_G
2, chr1_26779603_C_SNV_G
2, chr1_44828030_AC_DEL_A
2, chr1_156880035_C_SNV_T
2, chr1_162776285_G_SNV_C
2, chr1_193152366_CT_DEL_C
2, chr1_241513779_G_SNV_T
2, chr2_29225789_G_SNV_C
2, chr3_10036199_G_SNV_C
2, chr3_122285065_TG_DEL_T
2, chr3_142524058_C_SNV_T
2, chr3_142566018_A_SNV_T
2, chr4_25665759_TC_DEL_T
2, chr4_54267252_C_SNV_G
2, chr5_80767951_T_SNV_G
2, chr5_112708018_C_SNV_A
2, chr5_132603867_T_SNV_G
2, chr5_150124412_G_SNV_C
2, chr6_35462773_C_SNV_G
2, chr6_117393127_C_SNV_G
2, chr6_151734481_GC_DEL_G
2, chr6_151788489_T_SNV_C
2, chr6_151985738_G_SNV_A
2, chr6_158767561_C_SNV_G
2, chr7_116681938_CA_DEL_C
2, chr7_116688230_CT_DEL_C
2, chr7_148818177_GA_DEL_G
2, chr8_6439138_G_SNV_A
2, chr8_32711421_CA_DEL_C
2, chr8_108082747_G_SNV_A
2, chr9_21994174_TG_DEL_T
2, chr9_84796110_C_SNV_A
2, chr9_95126694_T_SNV_C
2, chr9_136504976_C_SNV_T
2, chr10_43110018_C_SNV_T
2, chr10_43120044_G_SNV_A
2, chr10_43126577_C_SNV_G
2, chr10_49516658_C_SNV_T
2, chr10_86919170_A_SNV_T
2, chr11_69643312_A_SNV_C
2, chr11_76496537_C_SNV_A
2, chr11_108289086_A_SNV_C
2, chr11_112088089_T_SNV_A
2, chr12_11878819_G_SNV_C
2, chr12_25245191_C_SNV_G
2, chr12_68808590_C_SNV_T
2, chr12_68816957_G_SNV_C
2, chr12_132625840_A_SNV_C
2, chr12_132642326_C_SNV_T
2, chr12_132676019_C_SNV_T
2, chr12_132677313_C_SNV_G
2, chr13_28033840_C_SNV_G
2, chr13_32334675_GA_DEL_G
2, chr13_32346833_TA_DEL_T
2, chr14_45140825_G_SNV_A
2, chr14_95117624_C_SNV_G
2, chr14_104773115_G_SNV_C
2, chr15_66443320_G_SNV_A
2, chr15_87993568_GAC_DEL_G
2, chr15_87995707_G_SNV_T
2, chr15_88000367_G_SNV_C
2, chr15_88057502_G_INS_GA
2, chr15_88057502_GA_DEL_G
2, chr15_88093074_GT_DEL_G
2, chr15_89305538_A_SNV_T
2, chr15_90750144_G_SNV_A
2, chr16_2079222_C_SNV_T
2, chr16_2080216_TG_DEL_T
2, chr16_2087757_C_SNV_T
2, chr16_30118583_G_SNV_C
2, chr16_30123130_TC_DEL_T
2, chr16_31185884_CT_DEL_C
2, chr16_68812290_TC_DEL_T
2, chr16_89792420_TA_DEL_T
2, chr17_17218998_C_SNV_T
2, chr17_17222418_C_SNV_G
2, chr17_31258237_C_SNV_G
2, chr17_31260389_C_SNV_G
2, chr17_39700426_G_SNV_A
2, chr17_43055290_AT_DEL_A
2, chr17_43104981_AC_DEL_A
2, chr17_50199977_G_SNV_C
2, chr17_68515599_G_SNV_A
2, chr19_11033447_AC_DEL_A
2, chr19_18162360_C_SNV_T
2, chr19_18168400_C_SNV_G
2, chr19_29822387_GT_DEL_G
2, chr19_40265345_G_SNV_A
2, chr19_43575390_C_SNV_A
2, chr19_50399128_G_SNV_A
2, chr19_50415479_C_SNV_T
2, chr20_45325634_C_SNV_T
2, chr20_45332402_C_SNV_G
2, chr21_41486507_C_SNV_T
2, chr21_41507160_TG_DEL_T
2, chr22_23825310_C_SNV_T
2, chr22_29288220_G_SNV_C
2, chrX_45035071_G_SNV_A
2, chrX_49038310_C_SNV_T
2, chrX_67643265_TG_DEL_T
2, chrX_67694104_C_SNV_G
2, chrX_67717130_T_SNV_G
2, chrX_67730682_G_SNV_A
2, chr1_26729746_G_SNV_A
2, chr1_44829798_G_SNV_A
2, chr1_119916162_G_SNV_A
2, chr1_156861188_G_SNV_C
2, chr1_193233132_CT_DEL_C
2, chr1_226379582_G_SNV_T
2, chr2_47380026_A_SNV_C
2, chr2_127288557_C_SNV_T
2, chr2_197420963_C_SNV_G
2, chr2_214745699_C_SNV_G
2, chr3_47057207_TG_DEL_T
2, chr3_47123958_T_SNV_G
2, chr3_52406791_C_SNV_G
2, chr3_138684556_C_SNV_G
2, chr3_179229928_C_SNV_T
2, chr4_1807418_TGC_DEL_T
2, chr4_55081985_T_SNV_G
2, chr5_68294726_A_SNV_C
2, chr5_150115816_G_SNV_A
2, chr6_32201351_AC_DEL_A
2, chr6_32202656_C_SNV_A
2, chr6_32212776_C_SNV_G
2, chr6_41685148_G_SNV_T
2, chr6_117387053_A_SNV_C
2, chr6_151751957_G_SNV_A
2, chr6_151765541_AT_DEL_A
2, chr6_151962334_TA_DEL_T
2, chr7_55169567_CA_DEL_C
2, chr7_140734668_TA_DEL_T
2, chr7_148808991_TA_DEL_T
2, chr8_31147295_C_SNV_T
2, chr8_32623972_G_SNV_A
2, chr8_32681453_CT_DEL_C
2, chr8_108083169_T_SNV_G
2, chr9_95149930_TG_DEL_T
2, chr9_95475981_G_SNV_T
2, chr9_132901793_C_SNV_T
2, chr10_43102277_C_SNV_G
2, chr10_43119609_C_SNV_G
2, chr11_2883940_A_SNV_C
2, chr11_32435072_AGCC_DEL_A
2, chr11_108251155_T_SNV_C
2, chr11_108310114_T_SNV_G
2, chr13_32340066_T_SNV_G
2, chr13_102872261_GA_DEL_G
2, chr14_75048857_G_SNV_C
2, chr14_104792505_C_SNV_G
2, chr15_66435176_G_SNV_A
2, chr15_88083437_T_SNV_G
2, chr15_88106219_C_SNV_T
2, chr15_90763164_AT_DEL_A
2, chr16_2076012_C_SNV_T
2, chr16_31186619_CGT_DEL_C
2, chr17_17224530_ATTCT_DEL_A
2, chr17_39463204_G_SNV_A
2, chr17_39515739_T_SNV_G
2, chr17_50198287_C_SNV_T
2, chr17_58692838_G_SNV_A
2, chr17_58703386_A_SNV_C
2, chr19_10985208_G_SNV_A
2, chr19_11035039_TGAG_DEL_T
2, chr19_45357378_C_SNV_T
2, chr19_45365068_TG_DEL_T
2, chr19_50403048_C_SNV_T
2, chr21_41486533_C_INS_CAA
2, chr22_29293175_AT_DEL_A
2, chrX_45051651_A_SNV_T
2, chrX_45079097_A_SNV_G
2, chrX_67691476_C_SNV_G
2, chrX_124100555_CCT_DEL_C
2, chr1_44842946_G_SNV_T
2, chr1_156876618_G_SNV_A
2, chr1_162760074_C_SNV_T
2, chr1_222731383_C_SNV_T
2, chr3_122254342_C_SNV_A
2, chr4_54731988_C_SNV_A
2, chr5_132615952_C_SNV_T
2, chr5_138934239_G_SNV_C
2, chr6_32210697_C_SNV_G
2, chr6_151724574_TCA_DEL_T
2, chr6_151732907_G_SNV_A
2, chr6_151967116_T_SNV_C
2, chr6_151969914_AT_DEL_A
2, chr6_152008448_AC_DEL_A
2, chr7_148827248_G_SNV_C
2, chr8_6431632_T_SNV_A
2, chr8_31124457_A_SNV_T
2, chr9_95476705_G_SNV_T
2, chr9_136510653_TG_DEL_T
2, chr9_136518114_G_SNV_A
2, chr11_2884627_A_SNV_C
2, chr11_112089172_C_SNV_A
2, chr12_11869992_G_SNV_A
2, chr12_11884669_C_SNV_G
2, chr13_32398816_G_SNV_C
2, chr14_45173084_ACT_DEL_A
2, chr15_88005050_TG_DEL_T
2, chr15_88015569_TA_DEL_T
2, chr15_88083163_C_SNV_A
2, chr16_31188131_C_SNV_G
2, chr17_35118514_TG_DEL_T
2, chr17_39501228_AT_DEL_A
2, chr17_39723687_GC_DEL_G
2, chr17_43049499_TA_DEL_T
2, chr19_3115105_G_SNV_A
2, chr19_10987068_G_SNV_A
2, chr19_10987870_TC_DEL_T
2, chr19_18162892_CA_DEL_C
2, chr19_43560905_CT_DEL_C
2, chr21_38383327_G_SNV_T
2, chr22_39240941_A_SNV_T
2, chrX_67702272_C_SNV_G
2, chrX_67726779_T_SNV_G
2, chr1_32326921_C_SNV_G
2, chr1_226363024_C_SNV_T
2, chr2_211630445_A_SNV_T
2, chr3_10098837_G_SNV_C
2, chr3_138737666_C_SNV_G
2, chr4_54725773_T_SNV_G
2, chr5_68293143_CT_DEL_C
2, chr7_55198932_G_SNV_A
2, chr8_89981313_T_SNV_G
2, chr10_121551219_CA_DEL_C
2, chr11_108301877_A_SNV_C
2, chr11_108347412_T_SNV_A
2, chr11_128781897_C_SNV_G
2, chr12_11855080_G_SNV_C
2, chr12_11881631_GC_DEL_G
2, chr13_28048450_G_SNV_C
2, chr14_45136544_CT_DEL_C
2, chr14_75041577_GA_DEL_G
2, chr14_95103297_C_SNV_T
2, chr15_40729692_G_SNV_C
2, chr15_88020983_C_SNV_G
2, chr16_2054258_C_SNV_G
2, chr16_3595749_C_SNV_A
2, chr16_23629664_C_SNV_G
2, chr16_30116640_C_SNV_T
2, chr16_89771833_G_SNV_C
2, chr17_43097592_GAAAACA_DEL_G
2, chr17_49619119_GA_DEL_G
2, chr19_1223074_TG_DEL_T
2, chr19_10489703_TG_DEL_T
2, chr19_15177891_T_SNV_G
2, chr19_15197604_G_SNV_C
2, chr19_50403436_TA_DEL_T
2, chr19_52222089_TG_DEL_T
2, chr20_58903717_G_SNV_A
3, chr1_45329314_C_SNV_G
3, chr1_45332660_G_SNV_A
3, chr1_156864528_G_SNV_A
3, chr1_156881431_C_SNV_G
3, chr1_162765966_C_SNV_G
3, chr1_162773390_C_SNV_G
3, chr1_241504321_G_SNV_A
3, chr2_29193799_C_SNV_T
3, chr3_12585082_C_SNV_G
3, chr3_47121454_A_SNV_C
3, chr3_142462152_T_SNV_A
3, chr3_142547652_T_SNV_G
3, chr3_142553558_A_SNV_G
3, chr3_179218423_T_SNV_C
3, chr3_179229438_G_SNV_C
3, chr4_1805517_GCGC_DEL_G
3, chr4_1805720_G_SNV_A
3, chr4_1807210_C_SNV_T
3, chr4_54273771_G_SNV_A
3, chr4_54733279_T_SNV_C
3, chr4_152324461_C_SNV_A
3, chr5_38942250_A_SNV_G
3, chr5_39021208_G_SNV_C
3, chr5_68292421_G_SNV_C
3, chr5_68295588_G_SNV_C
3, chr5_112843358_T_SNV_C
3, chr5_138783145_C_SNV_G
3, chr5_171400152_GTGA_DEL_G
3, chr6_32198383_CT_DEL_C
3, chr6_117416375_T_SNV_A
3, chr6_151952998_C_SNV_G
3, chr6_151995012_C_SNV_G
3, chr6_157189844_G_SNV_A
3, chr6_158783678_G_SNV_C
3, chr7_55154357_C_SNV_G
3, chr7_116696926_C_SNV_G
3, chr7_129210302_C_SNV_G
3, chr7_140794296_C_SNV_G
3, chr8_32609042_G_SNV_C
3, chr8_32678441_CT_DEL_C
3, chr8_89958659_T_SNV_G
3, chr9_84855003_A_SNV_G
3, chr9_84862750_G_SNV_C
3, chr9_84871923_C_SNV_A
3, chr9_84948346_C_SNV_G
3, chr9_136496988_C_SNV_T
3, chr10_86890070_C_SNV_G
3, chr10_86916992_CA_DEL_C
3, chr11_32389131_G_SNV_A
3, chr11_108247232_A_SNV_C
3, chr11_108250683_C_SNV_T
3, chr11_108282662_T_SNV_G
3, chr11_108304946_T_SNV_C
3, chr11_128758376_G_SNV_C
3, chr12_56101381_G_SNV_A
3, chr12_132673173_C_SNV_G
3, chr13_32319060_AT_DEL_A
3, chr13_32333283_GA_DEL_G
3, chr13_48307223_C_SNV_G
3, chr13_48464993_C_SNV_G
3, chr13_102873433_G_SNV_A
3, chr14_95096588_C_SNV_G
3, chr14_95112111_CT_DEL_C
3, chr14_104775647_C_SNV_G
3, chr15_88040121_G_SNV_C
3, chr16_2060750_G_SNV_C
3, chr16_2075993_C_SNV_T
3, chr16_2085181_C_SNV_G
3, chr17_7674320_C_SNV_A
3, chr17_17226331_G_SNV_A
3, chr17_31356439_A_SNV_G
3, chr17_31358901_T_SNV_G
3, chr17_43099276_CT_DEL_C
3, chr17_48726938_G_SNV_A
3, chr19_11021840_G_SNV_A
3, chr19_43551634_C_SNV_T
3, chr19_52219909_G_SNV_C
3, chr20_45348229_C_SNV_T
3, chr20_58853515_G_SNV_A
3, chr20_58854333_G_SNV_C
3, chr21_38390913_C_SNV_G
3, chr22_21806078_T_SNV_A
3, chr22_28687961_CG_DEL_C
3, chrX_14843935_G_SNV_C
3, chrX_49036426_A_SNV_C
3, chrX_67546113_G_SNV_A
3, chrX_67693417_A_SNV_C
3, chrX_67710366_C_SNV_G
3, chrX_133985356_CCGG_DEL_C
3, chr1_46267666_G_SNV_C
3, chr1_119923866_C_SNV_G
3, chr1_162775912_G_SNV_C
3, chr3_12603786_G_SNV_A
3, chr3_52617365_T_SNV_A
3, chr3_122261825_G_SNV_A
3, chr3_138682457_A_SNV_C
3, chr3_142459435_G_SNV_A
3, chr4_54731265_A_SNV_T
3, chr4_55092592_C_SNV_G
3, chr5_223601_AT_DEL_A
3, chr5_250942_A_SNV_G
3, chr5_56815979_T_SNV_G
3, chr5_80725623_AT_DEL_A
3, chr6_41691191_C_SNV_T
3, chr6_152004653_TA_DEL_T
3, chr6_157181114_G_SNV_A
3, chr6_158770684_AGTGG_DEL_A
3, chr7_5991926_T_SNV_G
3, chr7_124825378_GA_DEL_G
3, chr8_32692111_T_SNV_G
3, chr8_89955241_AT_DEL_A
3, chr8_89970569_A_SNV_C
3, chr9_5073681_CT_DEL_C
3, chr9_84773074_CT_DEL_C
3, chr9_84776595_C_SNV_G
3, chr9_84789810_C_SNV_G
3, chr9_84805328_A_SNV_T
3, chr9_132928809_G_SNV_A
3, chr9_136515462_G_SNV_A
3, chr11_108229171_C_SNV_G
3, chr11_108316138_A_SNV_C
3, chr11_128807197_G_SNV_A
3, chr13_48381227_CT_DEL_C
3, chr14_95105298_GA_DEL_G
3, chr15_87940604_G_SNV_A
3, chr15_87976721_C_SNV_T
3, chr15_87986811_A_SNV_T
3, chr15_89276941_A_SNV_C
3, chr16_2048619_G_SNV_A
3, chr16_2084326_C_SNV_T
3, chr16_3602201_C_SNV_G
3, chr16_23638216_G_SNV_A
3, chr16_89783017_G_SNV_A
3, chr17_31349064_T_SNV_G
3, chr17_35119675_T_SNV_A
3, chr17_43123225_TA_DEL_T
3, chr17_50194054_G_SNV_C
3, chr17_58734119_C_SNV_G
3, chr18_51059800_C_SNV_G
3, chr19_4095561_C_SNV_T
3, chr22_23791951_A_SNV_C
3, chr22_28734717_G_SNV_C
3, chrX_67714593_GA_DEL_G
3, chrX_124057822_TTTG_DEL_T
3, chr1_156861195_C_SNV_T
3, chr1_193236414_G_SNV_T
3, chr1_226392431_G_SNV_T
3, chr2_58241348_G_SNV_C
3, chr3_37048669_G_SNV_A
3, chr3_47017539_GA_DEL_G
3, chr5_132608593_T_SNV_G
3, chr6_32200839_G_SNV_A
3, chr6_151727208_CT_DEL_C
3, chr6_156779118_T_SNV_G
3, chr9_84724400_T_SNV_C
3, chr9_84766372_TTTG_DEL_T
3, chr10_49461416_C_SNV_G
3, chr11_108333824_C_SNV_G
3, chr13_102861511_C_SNV_G
3, chr14_95133288_C_SNV_G
3, chr15_88113855_T_SNV_G
3, chr17_31235648_C_SNV_G
3, chr17_43077764_G_SNV_T
3, chr19_1223214_C_SNV_T
3, chr19_40235371_G_SNV_A
3, chr19_45352513_G_SNV_A
3, chr22_29288072_C_SNV_G
3, chrX_67717139_T_SNV_G
3, chrX_77652256_G_SNV_C
3, chr1_44823737_C_SNV_G
3, chr1_46261204_GT_DEL_G
3, chr1_46277803_C_SNV_G
3, chr1_156864332_C_SNV_G
3, chr6_117324403_A_SNV_G
3, chr6_117328118_C_SNV_G
3, chr6_151732522_ATG_DEL_A
3, chr7_116697977_A_SNV_T
3, chr8_31120200_C_SNV_G
3, chr9_21974793_G_SNV_A
3, chr9_124524890_A_INS_AC
3, chr9_136517318_G_SNV_A
3, chr11_61437865_CT_DEL_C
3, chr11_69643123_C_SNV_T
3, chr12_56086665_C_SNV_T
3, chr12_132673321_G_SNV_C
3, chr13_48342581_T_SNV_G
3, chr14_67885870_C_SNV_G
3, chr15_88002216_T_SNV_G
3, chr15_88033309_CT_DEL_C
3, chr15_88038847_C_SNV_G
3, chr17_31327821_G_SNV_C
3, chr17_31350420_G_SNV_C
3, chr17_39494476_TG_DEL_T
3, chr17_39509826_G_SNV_C
3, chr17_39699497_C_SNV_G
3, chr19_50417782_C_SNV_G
3, chrX_49040698_C_SNV_T
3, chr1_11128199_G_SNV_C
3, chr4_1744638_G_SNV_A
3, chr6_41684574_T_SNV_G
3, chr6_152061187_G_SNV_C
3, chr7_6003756_G_SNV_A
3, chr9_136514504_G_SNV_A
3, chr17_39517348_C_SNV_G
3, chr1_11109190_C_SNV_G
3, chr1_156868269_G_SNV_C
3, chr3_10028607_T_SNV_G
3, chr3_179221207_G_SNV_C
3, chr5_251519_TG_DEL_T
3, chr8_6431626_A_SNV_C
3, chr9_5467976_TG_DEL_T
4, chr1_11112833_C_SNV_G
4, chr2_29223351_G_SNV_T
4, chr3_179229194_C_SNV_G
4, chr4_55118822_G_SNV_C
4, chr5_225833_C_SNV_G
4, chr5_1294742_A_SNV_C
4, chr5_38978656_TA_DEL_T
4, chr5_132588671_AT_DEL_A
4, chr6_32219810_G_SNV_C
4, chr6_117397159_A_SNV_C
4, chr6_117425478_C_SNV_G
4, chr6_151797919_T_SNV_G
4, chr7_55202440_G_SNV_C
4, chr8_32632167_T_SNV_G
4, chr8_32639883_G_SNV_T
4, chr9_84844653_A_SNV_T
4, chr10_49500745_T_SNV_A
4, chr12_4278969_G_SNV_C
4, chr12_11839068_C_SNV_G
4, chr12_25227195_C_SNV_G
4, chr13_28048449_A_SNV_C
4, chr14_104775844_G_SNV_C
4, chr16_2086205_C_SNV_G
4, chr17_31155970_CT_DEL_C
4, chr17_43094614_T_SNV_G
4, chr17_43094761_T_SNV_C
4, chr17_49621941_C_SNV_G
4, chr17_58734267_A_SNV_C
4, chr21_38383829_C_SNV_G
4, chr22_28699769_C_SNV_G
4, chr3_142553709_GTA_DEL_G
4, chr6_41691177_G_SNV_A
4, chr6_117326089_G_SNV_C
4, chr8_32652098_ACT_DEL_A
4, chr9_84754302_CT_DEL_C
4, chr10_49530666_C_SNV_T
4, chr11_125627550_T_SNV_G
4, chr15_88067230_AT_DEL_A
4, chr17_49622127_T_SNV_C
4, chr6_151944679_G_SNV_C
4, chr13_48380341_G_SNV_C
4, chr17_7673885_T_SNV_A
4, chr19_15161785_G_SNV_T
4, chr5_38953160_A_SNV_C
4, chr8_144513474_G_SNV_A
4, chr17_43104057_CA_DEL_C
5, chr1_11128994_G_SNV_C
5, chr1_155910741_T_SNV_A
5, chr2_58165872_G_SNV_C
5, chr3_52617218_C_SNV_G
5, chr3_179210621_G_SNV_C
5, chr4_54280239_T_SNV_G
5, chr5_150124376_G_SNV_A
5, chr6_117324905_T_SNV_C
5, chr6_117326088_A_SNV_C
5, chr6_117326130_C_SNV_T
5, chr6_157174897_G_SNV_C
5, chr8_32609866_T_SNV_A
5, chr11_64808164_T_SNV_C
5, chr11_108330174_T_SNV_G
5, chr11_108345846_A_SNV_T
5, chr13_102875749_C_SNV_G
5, chr14_95108257_GT_DEL_G
5, chr15_87963853_T_SNV_A
5, chr15_88071709_G_SNV_A
5, chr15_88102004_T_SNV_C
5, chr16_2084883_C_SNV_G
5, chr17_7674858_C_SNV_G
5, chr17_58358858_T_SNV_C
5, chr20_45329021_C_SNV_G
5, chr21_41505735_T_SNV_A
5, chrX_67718636_AT_DEL_A
5, chr1_11121264_C_SNV_T
5, chr1_32324383_C_SNV_G
5, chr1_162760017_G_SNV_C
5, chr1_226361921_C_SNV_G
5, chr3_47121307_C_SNV_G
5, chr4_55105812_C_SNV_G
5, chr13_32379263_A_SNV_G
5, chrX_67710514_G_SNV_C
